Model,Precision_mean,Precision_std,Recall_mean,Recall_std
KNN,0.2711600905244514,0.00038311369347499464,0.8849710982658959,0.0012503482552300574
Logistic Regression,0.2672570435238939,7.450435692612118e-05,0.8722329265681866,0.00024315599853566493
Extra Tress,0.2709501787529928,0.0004527648378559468,0.8842860201241703,0.0014776650761496772
XGBoost,0.280966906097281,0.0008779524160572029,0.9169770926996361,0.002865327682848227
Random Forest,0.2746957919249566,0.0004724381273254175,0.8965103832155856,0.0015418717687887488
Balanced Random Forest Classifier CV,0.2803437305257634,0.0004295003846599236,0.9149432669663883,0.0014017380890491155
LGBMClassifier,0.2826658794975237,0.0006396001579454313,0.9225219439092273,0.0020874298025687706
